identifier	type	label	abbreviation	parent
ID	TYPE	AT rdfs:label^^xsd:string	AT oboInOwl:hasExactSynonym^^xsd:string	SC %
OTC:0000001	owl:Class	role		
OTC:0000002	owl:Class	family		
OTC:0000003	owl:Class	function type		
OTC:0000004	owl:Class	basis set		
OTC:0000005	owl:Class		orbital	OTC:0000001
OTC:0000006	owl:Class		rifit	OTC:0000001
OTC:0000007	owl:Class		admmfit	OTC:0000001
OTC:0000008	owl:Class		optri	OTC:0000001
OTC:0000009	owl:Class		jkfit	OTC:0000001
OTC:0000010	owl:Class		jfit	OTC:0000001
OTC:0000011	owl:Class		dftjfit	OTC:0000001
OTC:0000012	owl:Class		dftxfit	OTC:0000001
OTC:0000013	owl:Class		guess	OTC:0000001
OTC:0000014	owl:Class		ranasinghe	OTC:0000002
OTC:0000015	owl:Class		pople	OTC:0000002
OTC:0000016	owl:Class		sauer_j	OTC:0000002
OTC:0000017	owl:Class		pople_fit	OTC:0000002
OTC:0000018	owl:Class		zorrilla	OTC:0000002
OTC:0000019	owl:Class		blaudeau	OTC:0000002
OTC:0000020	owl:Class		acvxz-j	OTC:0000002
OTC:0000021	owl:Class		jensen	OTC:0000002
OTC:0000022	owl:Class		lehtola_hgbs	OTC:0000002
OTC:0000023	owl:Class		ahlrichs	OTC:0000002
OTC:0000024	owl:Class		ano	OTC:0000002
OTC:0000025	owl:Class		ano_claudino	OTC:0000002
OTC:0000026	owl:Class		truhlar	OTC:0000002
OTC:0000027	owl:Class		sigmanz	OTC:0000002
OTC:0000028	owl:Class		jorge	OTC:0000002
OTC:0000029	owl:Class		dunning	OTC:0000002
OTC:0000030	owl:Class		dunning_dk	OTC:0000002
OTC:0000031	owl:Class		dunning_fit	OTC:0000002
OTC:0000032	owl:Class		dunning_pp	OTC:0000002
OTC:0000033	owl:Class		dunning_pp_fit	OTC:0000002
OTC:0000034	owl:Class		dunning_dk3	OTC:0000002
OTC:0000035	owl:Class		dunning_x2c	OTC:0000002
OTC:0000036	owl:Class		aug_mcc	OTC:0000002
OTC:0000037	owl:Class		binning	OTC:0000002
OTC:0000038	owl:Class		cadpac	OTC:0000002
OTC:0000039	owl:Class		dunning_f12	OTC:0000002
OTC:0000040	owl:Class		dunning_f12_fit	OTC:0000002
OTC:0000041	owl:Class		dunning_sf	OTC:0000002
OTC:0000042	owl:Class		lehtola_emd	OTC:0000002
OTC:0000043	owl:Class		ccj	OTC:0000002
OTC:0000044	owl:Class		cologne	OTC:0000002
OTC:0000045	owl:Class		crenb	OTC:0000002
OTC:0000046	owl:Class		ahlrichs_fit	OTC:0000002
OTC:0000047	owl:Class		demon2k	OTC:0000002
OTC:0000048	owl:Class		dfo	OTC:0000002
OTC:0000049	owl:Class		dgauss	OTC:0000002
OTC:0000050	owl:Class		ahlrichs_dhf	OTC:0000002
OTC:0000051	owl:Class		dyall	OTC:0000002
OTC:0000052	owl:Class		dunning_hay	OTC:0000002
OTC:0000053	owl:Class		pb	OTC:0000002
OTC:0000054	owl:Class		grimme	OTC:0000002
OTC:0000055	owl:Class		iglo	OTC:0000002
OTC:0000056	owl:Class		jgauss	OTC:0000002
OTC:0000057	owl:Class		koga	OTC:0000002
OTC:0000058	owl:Class		lanl	OTC:0000002
OTC:0000059	owl:Class		pople_mod	OTC:0000002
OTC:0000060	owl:Class		huzinaga	OTC:0000002
OTC:0000061	owl:Class		nasa	OTC:0000002
OTC:0000062	owl:Class		paschoal	OTC:0000002
OTC:0000063	owl:Class		orp	OTC:0000002
OTC:0000064	owl:Class		partridge	OTC:0000002
OTC:0000065	owl:Class		paw	OTC:0000002
OTC:0000066	owl:Class		pec	OTC:0000002
OTC:0000067	owl:Class		pob	OTC:0000002
OTC:0000068	owl:Class		sbkjc	OTC:0000002
OTC:0000069	owl:Class		psx	OTC:0000002
OTC:0000070	owl:Class		sadlej	OTC:0000002
OTC:0000071	owl:Class		lehtola_sap	OTC:0000002
OTC:0000072	owl:Class		sapporo	OTC:0000002
OTC:0000073	owl:Class		sarc	OTC:0000002
OTC:0000074	owl:Class		sto	OTC:0000002
OTC:0000075	owl:Class		stuttgart	OTC:0000002
OTC:0000076	owl:Class		ugbs	OTC:0000002
OTC:0000077	owl:Class		wachters	OTC:0000002
OTC:0000078	owl:Class		ahlrichs_x2c	OTC:0000002
OTC:0000079	owl:Class	Gaussian-type orbitals	gto	OTC:0000003
OTC:0000080	owl:Class	spherical Gaussian-type orbitals	gto_spherical	OTC:0000003
OTC:0000081	owl:Class	cartesian Gaussian-type orbitals	gto_cartesian	OTC:0000003
OTC:0000082	owl:Class	scalar effective core potentials	scalar_ecp	OTC:0000003
OTC:0000083	owl:Class		2ZaP	OTC:0000004
OTC:0000084	owl:Class		2ZaPa-NR	OTC:0000004
OTC:0000085	owl:Class		2ZaPa-NR	OTC:0000004
OTC:0000086	owl:Class		2ZaPa-NR-CV	OTC:0000004
OTC:0000087	owl:Class		2ZaPa-NR-CV	OTC:0000004
OTC:0000088	owl:Class		3-21G	OTC:0000004
OTC:0000089	owl:Class		3-21G	OTC:0000004
OTC:0000090	owl:Class		3ZaP	OTC:0000004
OTC:0000091	owl:Class		3ZaPa-NR	OTC:0000004
OTC:0000092	owl:Class		3ZaPa-NR	OTC:0000004
OTC:0000093	owl:Class		3ZaPa-NR-CV	OTC:0000004
OTC:0000094	owl:Class		3ZaPa-NR-CV	OTC:0000004
OTC:0000095	owl:Class		4-31G	OTC:0000004
OTC:0000096	owl:Class		4-31G	OTC:0000004
OTC:0000097	owl:Class		4ZaP	OTC:0000004
OTC:0000098	owl:Class		4ZaPa-NR	OTC:0000004
OTC:0000099	owl:Class		4ZaPa-NR	OTC:0000004
OTC:0000100	owl:Class		4ZaPa-NR-CV	OTC:0000004
OTC:0000101	owl:Class		4ZaPa-NR-CV	OTC:0000004
OTC:0000102	owl:Class		5-21G	OTC:0000004
OTC:0000103	owl:Class		5ZaP	OTC:0000004
OTC:0000104	owl:Class		5ZaPa-NR	OTC:0000004
OTC:0000105	owl:Class		5ZaPa-NR	OTC:0000004
OTC:0000106	owl:Class		5ZaPa-NR-CV	OTC:0000004
OTC:0000107	owl:Class		5ZaPa-NR-CV	OTC:0000004
OTC:0000108	owl:Class		6-21G	OTC:0000004
OTC:0000109	owl:Class		6-31++G	OTC:0000004
OTC:0000110	owl:Class		6-31++G	OTC:0000004
OTC:0000111	owl:Class		6-31++G*	OTC:0000004
OTC:0000112	owl:Class		6-31++G*	OTC:0000004
OTC:0000113	owl:Class		6-31++G**	OTC:0000004
OTC:0000114	owl:Class		6-31++G**	OTC:0000004
OTC:0000115	owl:Class		6-31++G**-J	OTC:0000004
OTC:0000116	owl:Class		6-31+G	OTC:0000004
OTC:0000117	owl:Class		6-31+G	OTC:0000004
OTC:0000118	owl:Class		6-31+G*	OTC:0000004
OTC:0000119	owl:Class		6-31+G*	OTC:0000004
OTC:0000120	owl:Class		6-31+G*-J	OTC:0000004
OTC:0000121	owl:Class		6-31+G**	OTC:0000004
OTC:0000122	owl:Class		6-31+G**	OTC:0000004
OTC:0000123	owl:Class		6-311++G	OTC:0000004
OTC:0000124	owl:Class		6-311++G(2d,2p)	OTC:0000004
OTC:0000125	owl:Class		6-311++G(3df,3pd)	OTC:0000004
OTC:0000126	owl:Class		6-311++G*	OTC:0000004
OTC:0000127	owl:Class		6-311++G**	OTC:0000004
OTC:0000128	owl:Class		6-311++G**-J	OTC:0000004
OTC:0000129	owl:Class		6-311+G	OTC:0000004
OTC:0000130	owl:Class		6-311+G(2d,p)	OTC:0000004
OTC:0000131	owl:Class		6-311+G*	OTC:0000004
OTC:0000132	owl:Class		6-311+G*-J	OTC:0000004
OTC:0000133	owl:Class		6-311+G**	OTC:0000004
OTC:0000134	owl:Class		6-311G	OTC:0000004
OTC:0000135	owl:Class		6-311G(2df,2pd)	OTC:0000004
OTC:0000136	owl:Class		6-311G(d,p)	OTC:0000004
OTC:0000137	owl:Class		6-311G-J	OTC:0000004
OTC:0000138	owl:Class		6-311G*	OTC:0000004
OTC:0000139	owl:Class		6-311G**	OTC:0000004
OTC:0000140	owl:Class		6-311G**-RIFIT	OTC:0000004
OTC:0000141	owl:Class		6-311xxG(d,p)	OTC:0000004
OTC:0000142	owl:Class		6-31G	OTC:0000004
OTC:0000143	owl:Class		6-31G	OTC:0000004
OTC:0000144	owl:Class		6-31G(2df,p)	OTC:0000004
OTC:0000145	owl:Class		6-31G(3df,3pd)	OTC:0000004
OTC:0000146	owl:Class		6-31G(d,p)	OTC:0000004
OTC:0000147	owl:Class		6-31G(d,p)	OTC:0000004
OTC:0000148	owl:Class		6-31G-Blaudeau	OTC:0000004
OTC:0000149	owl:Class		6-31G-J	OTC:0000004
OTC:0000150	owl:Class		6-31G*	OTC:0000004
OTC:0000151	owl:Class		6-31G*	OTC:0000004
OTC:0000152	owl:Class		6-31G*-Blaudeau	OTC:0000004
OTC:0000153	owl:Class		6-31G**	OTC:0000004
OTC:0000154	owl:Class		6-31G**	OTC:0000004
OTC:0000155	owl:Class		6-31G**-RIFIT	OTC:0000004
OTC:0000156	owl:Class		6ZaP	OTC:0000004
OTC:0000157	owl:Class		6ZaPa-NR	OTC:0000004
OTC:0000158	owl:Class		6ZaPa-NR	OTC:0000004
OTC:0000159	owl:Class		7ZaPa-NR	OTC:0000004
OTC:0000160	owl:Class		7ZaPa-NR	OTC:0000004
OTC:0000161	owl:Class		acv2z-J	OTC:0000004
OTC:0000162	owl:Class		acv3z-J	OTC:0000004
OTC:0000163	owl:Class		acv4z-J	OTC:0000004
OTC:0000164	owl:Class		admm-1	OTC:0000004
OTC:0000165	owl:Class		admm-2	OTC:0000004
OTC:0000166	owl:Class		admm-3	OTC:0000004
OTC:0000167	owl:Class		AHGBS-5	OTC:0000004
OTC:0000168	owl:Class		AHGBS-7	OTC:0000004
OTC:0000169	owl:Class		AHGBS-9	OTC:0000004
OTC:0000170	owl:Class		AHGBSP1-5	OTC:0000004
OTC:0000171	owl:Class		AHGBSP1-7	OTC:0000004
OTC:0000172	owl:Class		AHGBSP1-9	OTC:0000004
OTC:0000173	owl:Class		AHGBSP2-5	OTC:0000004
OTC:0000174	owl:Class		AHGBSP2-7	OTC:0000004
OTC:0000175	owl:Class		AHGBSP2-9	OTC:0000004
OTC:0000176	owl:Class		AHGBSP3-5	OTC:0000004
OTC:0000177	owl:Class		AHGBSP3-7	OTC:0000004
OTC:0000178	owl:Class		AHGBSP3-9	OTC:0000004
OTC:0000179	owl:Class		Ahlrichs pVDZ	OTC:0000004
OTC:0000180	owl:Class		Ahlrichs TZV	OTC:0000004
OTC:0000181	owl:Class		Ahlrichs VDZ	OTC:0000004
OTC:0000182	owl:Class		Ahlrichs VTZ	OTC:0000004
OTC:0000183	owl:Class		ANO-DK3	OTC:0000004
OTC:0000184	owl:Class		ano-pV5Z	OTC:0000004
OTC:0000185	owl:Class		ano-pVDZ	OTC:0000004
OTC:0000186	owl:Class		ano-pVQZ	OTC:0000004
OTC:0000187	owl:Class		ano-pVTZ	OTC:0000004
OTC:0000188	owl:Class		ANO-R	OTC:0000004
OTC:0000189	owl:Class		ANO-R	OTC:0000004
OTC:0000190	owl:Class		ANO-R0	OTC:0000004
OTC:0000191	owl:Class		ANO-R0	OTC:0000004
OTC:0000192	owl:Class		ANO-R1	OTC:0000004
OTC:0000193	owl:Class		ANO-R1	OTC:0000004
OTC:0000194	owl:Class		ANO-R2	OTC:0000004
OTC:0000195	owl:Class		ANO-R2	OTC:0000004
OTC:0000196	owl:Class		ANO-R3	OTC:0000004
OTC:0000197	owl:Class		ANO-R3	OTC:0000004
OTC:0000198	owl:Class		ANO-RCC	OTC:0000004
OTC:0000199	owl:Class		ANO-RCC	OTC:0000004
OTC:0000200	owl:Class		ANO-RCC-MB	OTC:0000004
OTC:0000201	owl:Class		ANO-RCC-VDZ	OTC:0000004
OTC:0000202	owl:Class		ANO-RCC-VDZP	OTC:0000004
OTC:0000203	owl:Class		ANO-RCC-VQZP	OTC:0000004
OTC:0000204	owl:Class		ANO-RCC-VTZ	OTC:0000004
OTC:0000205	owl:Class		ANO-RCC-VTZP	OTC:0000004
OTC:0000206	owl:Class		ANO-VT-DZ	OTC:0000004
OTC:0000207	owl:Class		ANO-VT-QZ	OTC:0000004
OTC:0000208	owl:Class		ANO-VT-QZ	OTC:0000004
OTC:0000209	owl:Class		ANO-VT-TZ	OTC:0000004
OTC:0000210	owl:Class		apr-cc-pV(Q+d)Z	OTC:0000004
OTC:0000211	owl:Class		asigmaDZ	OTC:0000004
OTC:0000212	owl:Class		asigmaDZ	OTC:0000004
OTC:0000213	owl:Class		asigmaQZ	OTC:0000004
OTC:0000214	owl:Class		asigmaQZ	OTC:0000004
OTC:0000215	owl:Class		asigmaTZ	OTC:0000004
OTC:0000216	owl:Class		asigmaTZ	OTC:0000004
OTC:0000217	owl:Class		ATZP-ZORA	OTC:0000004
OTC:0000218	owl:Class		aug-admm-1	OTC:0000004
OTC:0000219	owl:Class		aug-admm-2	OTC:0000004
OTC:0000220	owl:Class		aug-admm-3	OTC:0000004
OTC:0000221	owl:Class		aug-ano-pV5Z	OTC:0000004
OTC:0000222	owl:Class		aug-ano-pVDZ	OTC:0000004
OTC:0000223	owl:Class		aug-ano-pVQZ	OTC:0000004
OTC:0000224	owl:Class		aug-ano-pVTZ	OTC:0000004
OTC:0000225	owl:Class		aug-cc-pCV5Z	OTC:0000004
OTC:0000226	owl:Class		aug-cc-pCVDZ	OTC:0000004
OTC:0000227	owl:Class		aug-cc-pCVDZ-DK	OTC:0000004
OTC:0000228	owl:Class		aug-cc-pCVQZ	OTC:0000004
OTC:0000229	owl:Class		aug-cc-pCVQZ-DK	OTC:0000004
OTC:0000230	owl:Class		aug-cc-pCVTZ	OTC:0000004
OTC:0000231	owl:Class		aug-cc-pCVTZ-DK	OTC:0000004
OTC:0000232	owl:Class		aug-cc-pV(5+d)Z	OTC:0000004
OTC:0000233	owl:Class		aug-cc-pV(5+d)Z	OTC:0000004
OTC:0000234	owl:Class		aug-cc-pV(D+d)Z	OTC:0000004
OTC:0000235	owl:Class		aug-cc-pV(D+d)Z	OTC:0000004
OTC:0000236	owl:Class		aug-cc-pV(Q+d)Z	OTC:0000004
OTC:0000237	owl:Class		aug-cc-pV(Q+d)Z	OTC:0000004
OTC:0000238	owl:Class		aug-cc-pV(T+d)Z	OTC:0000004
OTC:0000239	owl:Class		aug-cc-pV(T+d)Z	OTC:0000004
OTC:0000240	owl:Class		aug-cc-pV5Z	OTC:0000004
OTC:0000241	owl:Class		aug-cc-pV5Z	OTC:0000004
OTC:0000242	owl:Class		aug-cc-pV5Z-DK	OTC:0000004
OTC:0000243	owl:Class		aug-cc-pV5Z-OPTRI	OTC:0000004
OTC:0000244	owl:Class		aug-cc-pV5Z-PP	OTC:0000004
OTC:0000245	owl:Class		aug-cc-pV5Z-PP-OPTRI	OTC:0000004
OTC:0000246	owl:Class		aug-cc-pV5Z-PP-RIFIT	OTC:0000004
OTC:0000247	owl:Class		aug-cc-pV5Z-RIFIT	OTC:0000004
OTC:0000248	owl:Class		aug-cc-pV5Z-RIFIT	OTC:0000004
OTC:0000249	owl:Class		aug-cc-pV6Z	OTC:0000004
OTC:0000250	owl:Class		aug-cc-pV6Z	OTC:0000004
OTC:0000251	owl:Class		aug-cc-pV6Z-RIFIT	OTC:0000004
OTC:0000252	owl:Class		aug-cc-pV6Z-RIFIT	OTC:0000004
OTC:0000253	owl:Class		aug-cc-pV7Z	OTC:0000004
OTC:0000254	owl:Class		aug-cc-pVDZ	OTC:0000004
OTC:0000255	owl:Class		aug-cc-pVDZ	OTC:0000004
OTC:0000256	owl:Class		aug-cc-pVDZ-DK	OTC:0000004
OTC:0000257	owl:Class		aug-cc-pVDZ-DK3	OTC:0000004
OTC:0000258	owl:Class		aug-cc-pVDZ-OPTRI	OTC:0000004
OTC:0000259	owl:Class		aug-cc-pVDZ-PP	OTC:0000004
OTC:0000260	owl:Class		aug-cc-pVDZ-PP-OPTRI	OTC:0000004
OTC:0000261	owl:Class		aug-cc-pVDZ-PP-RIFIT	OTC:0000004
OTC:0000262	owl:Class		aug-cc-pVDZ-RIFIT	OTC:0000004
OTC:0000263	owl:Class		aug-cc-pVDZ-RIFIT	OTC:0000004
OTC:0000264	owl:Class		aug-cc-pVDZ-X2C	OTC:0000004
OTC:0000265	owl:Class		aug-cc-pVQZ	OTC:0000004
OTC:0000266	owl:Class		aug-cc-pVQZ	OTC:0000004
OTC:0000267	owl:Class		aug-cc-pVQZ-DK	OTC:0000004
OTC:0000268	owl:Class		aug-cc-pVQZ-DK3	OTC:0000004
OTC:0000269	owl:Class		aug-cc-pVQZ-OPTRI	OTC:0000004
OTC:0000270	owl:Class		aug-cc-pVQZ-PP	OTC:0000004
OTC:0000271	owl:Class		aug-cc-pVQZ-PP-OPTRI	OTC:0000004
OTC:0000272	owl:Class		aug-cc-pVQZ-PP-RIFIT	OTC:0000004
OTC:0000273	owl:Class		aug-cc-pVQZ-RIFIT	OTC:0000004
OTC:0000274	owl:Class		aug-cc-pVQZ-RIFIT	OTC:0000004
OTC:0000275	owl:Class		aug-cc-pVQZ-X2C	OTC:0000004
OTC:0000276	owl:Class		aug-cc-pVTZ	OTC:0000004
OTC:0000277	owl:Class		aug-cc-pVTZ	OTC:0000004
OTC:0000278	owl:Class		aug-cc-pVTZ-DK	OTC:0000004
OTC:0000279	owl:Class		aug-cc-pVTZ-DK3	OTC:0000004
OTC:0000280	owl:Class		aug-cc-pVTZ-J	OTC:0000004
OTC:0000281	owl:Class		aug-cc-pVTZ-OPTRI	OTC:0000004
OTC:0000282	owl:Class		aug-cc-pVTZ-PP	OTC:0000004
OTC:0000283	owl:Class		aug-cc-pVTZ-PP-OPTRI	OTC:0000004
OTC:0000284	owl:Class		aug-cc-pVTZ-PP-RIFIT	OTC:0000004
OTC:0000285	owl:Class		aug-cc-pVTZ-RIFIT	OTC:0000004
OTC:0000286	owl:Class		aug-cc-pVTZ-RIFIT	OTC:0000004
OTC:0000287	owl:Class		aug-cc-pVTZ-X2C	OTC:0000004
OTC:0000288	owl:Class		aug-cc-pwCV5Z	OTC:0000004
OTC:0000289	owl:Class		aug-cc-pwCV5Z-DK	OTC:0000004
OTC:0000290	owl:Class		aug-cc-pwCV5Z-PP	OTC:0000004
OTC:0000291	owl:Class		aug-cc-pwCV5Z-PP-OPTRI	OTC:0000004
OTC:0000292	owl:Class		aug-cc-pwCV5Z-PP-RIFIT	OTC:0000004
OTC:0000293	owl:Class		aug-cc-pwCV5Z-RIFIT	OTC:0000004
OTC:0000294	owl:Class		aug-cc-pwCV5Z-RIFIT	OTC:0000004
OTC:0000295	owl:Class		aug-cc-pwCVDZ	OTC:0000004
OTC:0000296	owl:Class		aug-cc-pwCVDZ-DK3	OTC:0000004
OTC:0000297	owl:Class		aug-cc-pwCVDZ-PP	OTC:0000004
OTC:0000298	owl:Class		aug-cc-pwCVDZ-PP-OPTRI	OTC:0000004
OTC:0000299	owl:Class		aug-cc-pwCVDZ-PP-RIFIT	OTC:0000004
OTC:0000300	owl:Class		aug-cc-pwCVDZ-RIFIT	OTC:0000004
OTC:0000301	owl:Class		aug-cc-pwCVDZ-RIFIT	OTC:0000004
OTC:0000302	owl:Class		aug-cc-pwCVDZ-X2C	OTC:0000004
OTC:0000303	owl:Class		aug-cc-pwCVQZ	OTC:0000004
OTC:0000304	owl:Class		aug-cc-pwCVQZ-DK	OTC:0000004
OTC:0000305	owl:Class		aug-cc-pwCVQZ-DK3	OTC:0000004
OTC:0000306	owl:Class		aug-cc-pwCVQZ-PP	OTC:0000004
OTC:0000307	owl:Class		aug-cc-pwCVQZ-PP-OPTRI	OTC:0000004
OTC:0000308	owl:Class		aug-cc-pwCVQZ-PP-RIFIT	OTC:0000004
OTC:0000309	owl:Class		aug-cc-pwCVQZ-RIFIT	OTC:0000004
OTC:0000310	owl:Class		aug-cc-pwCVQZ-RIFIT	OTC:0000004
OTC:0000311	owl:Class		aug-cc-pwCVQZ-X2C	OTC:0000004
OTC:0000312	owl:Class		aug-cc-pwCVTZ	OTC:0000004
OTC:0000313	owl:Class		aug-cc-pwCVTZ-DK	OTC:0000004
OTC:0000314	owl:Class		aug-cc-pwCVTZ-DK3	OTC:0000004
OTC:0000315	owl:Class		aug-cc-pwCVTZ-PP	OTC:0000004
OTC:0000316	owl:Class		aug-cc-pwCVTZ-PP-OPTRI	OTC:0000004
OTC:0000317	owl:Class		aug-cc-pwCVTZ-PP-RIFIT	OTC:0000004
OTC:0000318	owl:Class		aug-cc-pwCVTZ-RIFIT	OTC:0000004
OTC:0000319	owl:Class		aug-cc-pwCVTZ-RIFIT	OTC:0000004
OTC:0000320	owl:Class		aug-cc-pwCVTZ-X2C	OTC:0000004
OTC:0000321	owl:Class		aug-ccX-5Z	OTC:0000004
OTC:0000322	owl:Class		aug-ccX-DZ	OTC:0000004
OTC:0000323	owl:Class		aug-ccX-QZ	OTC:0000004
OTC:0000324	owl:Class		aug-ccX-TZ	OTC:0000004
OTC:0000325	owl:Class		aug-mcc-pV5Z	OTC:0000004
OTC:0000326	owl:Class		aug-mcc-pV6Z	OTC:0000004
OTC:0000327	owl:Class		aug-mcc-pV7Z	OTC:0000004
OTC:0000328	owl:Class		aug-mcc-pV8Z	OTC:0000004
OTC:0000329	owl:Class		aug-mcc-pVQZ	OTC:0000004
OTC:0000330	owl:Class		aug-mcc-pVTZ	OTC:0000004
OTC:0000331	owl:Class		aug-pc-0	OTC:0000004
OTC:0000332	owl:Class		aug-pc-1	OTC:0000004
OTC:0000333	owl:Class		aug-pc-2	OTC:0000004
OTC:0000334	owl:Class		aug-pc-3	OTC:0000004
OTC:0000335	owl:Class		aug-pc-4	OTC:0000004
OTC:0000336	owl:Class		aug-pcH-1	OTC:0000004
OTC:0000337	owl:Class		aug-pcH-2	OTC:0000004
OTC:0000338	owl:Class		aug-pcH-3	OTC:0000004
OTC:0000339	owl:Class		aug-pcH-4	OTC:0000004
OTC:0000340	owl:Class		aug-pcJ-0	OTC:0000004
OTC:0000341	owl:Class		aug-pcJ-0	OTC:0000004
OTC:0000342	owl:Class		aug-pcJ-0_2006	OTC:0000004
OTC:0000343	owl:Class		aug-pcJ-1	OTC:0000004
OTC:0000344	owl:Class		aug-pcJ-1	OTC:0000004
OTC:0000345	owl:Class		aug-pcJ-1_2006	OTC:0000004
OTC:0000346	owl:Class		aug-pcJ-2	OTC:0000004
OTC:0000347	owl:Class		aug-pcJ-2	OTC:0000004
OTC:0000348	owl:Class		aug-pcJ-2_2006	OTC:0000004
OTC:0000349	owl:Class		aug-pcJ-3	OTC:0000004
OTC:0000350	owl:Class		aug-pcJ-3	OTC:0000004
OTC:0000351	owl:Class		aug-pcJ-3_2006	OTC:0000004
OTC:0000352	owl:Class		aug-pcJ-4	OTC:0000004
OTC:0000353	owl:Class		aug-pcJ-4	OTC:0000004
OTC:0000354	owl:Class		aug-pcJ-4_2006	OTC:0000004
OTC:0000355	owl:Class		aug-pcS-0	OTC:0000004
OTC:0000356	owl:Class		aug-pcS-1	OTC:0000004
OTC:0000357	owl:Class		aug-pcS-2	OTC:0000004
OTC:0000358	owl:Class		aug-pcS-3	OTC:0000004
OTC:0000359	owl:Class		aug-pcS-4	OTC:0000004
OTC:0000360	owl:Class		aug-pcseg-0	OTC:0000004
OTC:0000361	owl:Class		aug-pcseg-0	OTC:0000004
OTC:0000362	owl:Class		aug-pcseg-1	OTC:0000004
OTC:0000363	owl:Class		aug-pcseg-1	OTC:0000004
OTC:0000364	owl:Class		aug-pcseg-2	OTC:0000004
OTC:0000365	owl:Class		aug-pcseg-2	OTC:0000004
OTC:0000366	owl:Class		aug-pcseg-3	OTC:0000004
OTC:0000367	owl:Class		aug-pcseg-3	OTC:0000004
OTC:0000368	owl:Class		aug-pcseg-4	OTC:0000004
OTC:0000369	owl:Class		aug-pcseg-4	OTC:0000004
OTC:0000370	owl:Class		aug-pcSseg-0	OTC:0000004
OTC:0000371	owl:Class		aug-pcSseg-0	OTC:0000004
OTC:0000372	owl:Class		aug-pcSseg-1	OTC:0000004
OTC:0000373	owl:Class		aug-pcSseg-1	OTC:0000004
OTC:0000374	owl:Class		aug-pcSseg-2	OTC:0000004
OTC:0000375	owl:Class		aug-pcSseg-2	OTC:0000004
OTC:0000376	owl:Class		aug-pcSseg-3	OTC:0000004
OTC:0000377	owl:Class		aug-pcSseg-3	OTC:0000004
OTC:0000378	owl:Class		aug-pcSseg-4	OTC:0000004
OTC:0000379	owl:Class		aug-pcSseg-4	OTC:0000004
OTC:0000380	owl:Class		aug-pcX-1	OTC:0000004
OTC:0000381	owl:Class		aug-pcX-2	OTC:0000004
OTC:0000382	owl:Class		aug-pcX-3	OTC:0000004
OTC:0000383	owl:Class		aug-pcX-4	OTC:0000004
OTC:0000384	owl:Class		aug-pV7Z	OTC:0000004
OTC:0000385	owl:Class		aug-seg-cc-pV5Z-PP	OTC:0000004
OTC:0000386	owl:Class		aug-seg-cc-pVDZ-PP	OTC:0000004
OTC:0000387	owl:Class		aug-seg-cc-pVQZ-PP	OTC:0000004
OTC:0000388	owl:Class		aug-seg-cc-pVTZ-PP	OTC:0000004
OTC:0000389	owl:Class		aug-seg-cc-pwCV5Z-PP	OTC:0000004
OTC:0000390	owl:Class		aug-seg-cc-pwCVDZ-PP	OTC:0000004
OTC:0000391	owl:Class		aug-seg-cc-pwCVQZ-PP	OTC:0000004
OTC:0000392	owl:Class		aug-seg-cc-pwCVTZ-PP	OTC:0000004
OTC:0000393	owl:Class		binning 641	OTC:0000004
OTC:0000394	owl:Class		binning 641(d)	OTC:0000004
OTC:0000395	owl:Class		binning 641(df)	OTC:0000004
OTC:0000396	owl:Class		binning 641+	OTC:0000004
OTC:0000397	owl:Class		binning 641+(d)	OTC:0000004
OTC:0000398	owl:Class		binning 641+(df)	OTC:0000004
OTC:0000399	owl:Class		binning 962	OTC:0000004
OTC:0000400	owl:Class		binning 962(d)	OTC:0000004
OTC:0000401	owl:Class		binning 962(df)	OTC:0000004
OTC:0000402	owl:Class		binning 962+	OTC:0000004
OTC:0000403	owl:Class		binning 962+(d)	OTC:0000004
OTC:0000404	owl:Class		binning 962+(df)	OTC:0000004
OTC:0000405	owl:Class		CADPAC-TZ2P	OTC:0000004
OTC:0000406	owl:Class		cc-pCV5Z	OTC:0000004
OTC:0000407	owl:Class		cc-pCVDZ	OTC:0000004
OTC:0000408	owl:Class		cc-pCVDZ-DK	OTC:0000004
OTC:0000409	owl:Class		cc-pCVDZ-F12	OTC:0000004
OTC:0000410	owl:Class		cc-pCVDZ-F12-OPTRI	OTC:0000004
OTC:0000411	owl:Class		cc-pCVDZ-F12-RIFIT	OTC:0000004
OTC:0000412	owl:Class		cc-pCVQZ	OTC:0000004
OTC:0000413	owl:Class		cc-pCVQZ-DK	OTC:0000004
OTC:0000414	owl:Class		cc-pCVQZ-F12	OTC:0000004
OTC:0000415	owl:Class		cc-pCVQZ-F12-OPTRI	OTC:0000004
OTC:0000416	owl:Class		cc-pCVQZ-F12-RIFIT	OTC:0000004
OTC:0000417	owl:Class		cc-pCVTZ	OTC:0000004
OTC:0000418	owl:Class		cc-pCVTZ-DK	OTC:0000004
OTC:0000419	owl:Class		cc-pCVTZ-F12	OTC:0000004
OTC:0000420	owl:Class		cc-pCVTZ-F12-OPTRI	OTC:0000004
OTC:0000421	owl:Class		cc-pCVTZ-F12-RIFIT	OTC:0000004
OTC:0000422	owl:Class		cc-pV(5+d)Z	OTC:0000004
OTC:0000423	owl:Class		cc-pV(5+d)Z	OTC:0000004
OTC:0000424	owl:Class		cc-pV(D+d)Z	OTC:0000004
OTC:0000425	owl:Class		cc-pV(D+d)Z	OTC:0000004
OTC:0000426	owl:Class		cc-pV(Q+d)Z	OTC:0000004
OTC:0000427	owl:Class		cc-pV(Q+d)Z	OTC:0000004
OTC:0000428	owl:Class		cc-pV(T+d)Z	OTC:0000004
OTC:0000429	owl:Class		cc-pV(T+d)Z	OTC:0000004
OTC:0000430	owl:Class		cc-pV5Z	OTC:0000004
OTC:0000431	owl:Class		cc-pV5Z	OTC:0000004
OTC:0000432	owl:Class		cc-pV5Z(fi/sf/fw)	OTC:0000004
OTC:0000433	owl:Class		cc-pV5Z(fi/sf/lc)	OTC:0000004
OTC:0000434	owl:Class		cc-pV5Z(fi/sf/sc)	OTC:0000004
OTC:0000435	owl:Class		cc-pV5Z(pt/sf/fw)	OTC:0000004
OTC:0000436	owl:Class		cc-pV5Z(pt/sf/lc)	OTC:0000004
OTC:0000437	owl:Class		cc-pV5Z(pt/sf/sc)	OTC:0000004
OTC:0000438	owl:Class		cc-pV5Z-DK	OTC:0000004
OTC:0000439	owl:Class		cc-pV5Z-F12	OTC:0000004
OTC:0000440	owl:Class		cc-pV5Z-F12(rev2)	OTC:0000004
OTC:0000441	owl:Class		cc-pV5Z-JKFIT	OTC:0000004
OTC:0000442	owl:Class		cc-pV5Z-PP	OTC:0000004
OTC:0000443	owl:Class		cc-pV5Z-PP-RIFIT	OTC:0000004
OTC:0000444	owl:Class		cc-pV5Z-RIFIT	OTC:0000004
OTC:0000445	owl:Class		cc-pV5Z-RIFIT	OTC:0000004
OTC:0000446	owl:Class		cc-pV6Z	OTC:0000004
OTC:0000447	owl:Class		cc-pV6Z	OTC:0000004
OTC:0000448	owl:Class		cc-pV6Z-RIFIT	OTC:0000004
OTC:0000449	owl:Class		cc-pV6Z-RIFIT	OTC:0000004
OTC:0000450	owl:Class		cc-pV8Z	OTC:0000004
OTC:0000451	owl:Class		cc-pV9Z	OTC:0000004
OTC:0000452	owl:Class		cc-pVDZ	OTC:0000004
OTC:0000453	owl:Class		cc-pVDZ	OTC:0000004
OTC:0000454	owl:Class		cc-pVDZ(fi/sf/fw)	OTC:0000004
OTC:0000455	owl:Class		cc-pVDZ(fi/sf/lc)	OTC:0000004
OTC:0000456	owl:Class		cc-pVDZ(fi/sf/sc)	OTC:0000004
OTC:0000457	owl:Class		cc-pVDZ(pt/sf/fw)	OTC:0000004
OTC:0000458	owl:Class		cc-pVDZ(pt/sf/lc)	OTC:0000004
OTC:0000459	owl:Class		cc-pVDZ(pt/sf/sc)	OTC:0000004
OTC:0000460	owl:Class		cc-pVDZ(seg-opt)	OTC:0000004
OTC:0000461	owl:Class		cc-pVDZ-DK	OTC:0000004
OTC:0000462	owl:Class		cc-pVDZ-DK3	OTC:0000004
OTC:0000463	owl:Class		cc-pVDZ-DK3	OTC:0000004
OTC:0000464	owl:Class		cc-pVDZ-F12	OTC:0000004
OTC:0000465	owl:Class		cc-pVDZ-F12(rev2)	OTC:0000004
OTC:0000466	owl:Class		cc-pVDZ-F12-OPTRI	OTC:0000004
OTC:0000467	owl:Class		cc-pVDZ-F12-OPTRI+	OTC:0000004
OTC:0000468	owl:Class		cc-pVDZ-PP	OTC:0000004
OTC:0000469	owl:Class		cc-pVDZ-PP-RIFIT	OTC:0000004
OTC:0000470	owl:Class		cc-pVDZ-RIFIT	OTC:0000004
OTC:0000471	owl:Class		cc-pVDZ-RIFIT	OTC:0000004
OTC:0000472	owl:Class		cc-pVDZ-X2C	OTC:0000004
OTC:0000473	owl:Class		cc-pVQZ	OTC:0000004
OTC:0000474	owl:Class		cc-pVQZ	OTC:0000004
OTC:0000475	owl:Class		cc-pVQZ(fi/sf/fw)	OTC:0000004
OTC:0000476	owl:Class		cc-pVQZ(fi/sf/lc)	OTC:0000004
OTC:0000477	owl:Class		cc-pVQZ(fi/sf/sc)	OTC:0000004
OTC:0000478	owl:Class		cc-pVQZ(pt/sf/fw)	OTC:0000004
OTC:0000479	owl:Class		cc-pVQZ(pt/sf/lc)	OTC:0000004
OTC:0000480	owl:Class		cc-pVQZ(pt/sf/sc)	OTC:0000004
OTC:0000481	owl:Class		cc-pVQZ(seg-opt)	OTC:0000004
OTC:0000482	owl:Class		cc-pVQZ-DK	OTC:0000004
OTC:0000483	owl:Class		cc-pVQZ-DK3	OTC:0000004
OTC:0000484	owl:Class		cc-pVQZ-DK3	OTC:0000004
OTC:0000485	owl:Class		cc-pVQZ-DK3	OTC:0000004
OTC:0000486	owl:Class		cc-pVQZ-F12	OTC:0000004
OTC:0000487	owl:Class		cc-pVQZ-F12(rev2)	OTC:0000004
OTC:0000488	owl:Class		cc-pVQZ-F12-OPTRI	OTC:0000004
OTC:0000489	owl:Class		cc-pVQZ-F12-OPTRI+	OTC:0000004
OTC:0000490	owl:Class		cc-pVQZ-JKFIT	OTC:0000004
OTC:0000491	owl:Class		cc-pVQZ-PP	OTC:0000004
OTC:0000492	owl:Class		cc-pVQZ-PP-RIFIT	OTC:0000004
OTC:0000493	owl:Class		cc-pVQZ-RIFIT	OTC:0000004
OTC:0000494	owl:Class		cc-pVQZ-RIFIT	OTC:0000004
OTC:0000495	owl:Class		cc-pVQZ-X2C	OTC:0000004
OTC:0000496	owl:Class		cc-pVTZ	OTC:0000004
OTC:0000497	owl:Class		cc-pVTZ	OTC:0000004
OTC:0000498	owl:Class		cc-pVTZ(fi/sf/fw)	OTC:0000004
OTC:0000499	owl:Class		cc-pVTZ(fi/sf/lc)	OTC:0000004
OTC:0000500	owl:Class		cc-pVTZ(fi/sf/sc)	OTC:0000004
OTC:0000501	owl:Class		cc-pVTZ(pt/sf/fw)	OTC:0000004
OTC:0000502	owl:Class		cc-pVTZ(pt/sf/lc)	OTC:0000004
OTC:0000503	owl:Class		cc-pVTZ(pt/sf/sc)	OTC:0000004
OTC:0000504	owl:Class		cc-pVTZ(seg-opt)	OTC:0000004
OTC:0000505	owl:Class		cc-pVTZ-DK	OTC:0000004
OTC:0000506	owl:Class		cc-pVTZ-DK3	OTC:0000004
OTC:0000507	owl:Class		cc-pVTZ-DK3	OTC:0000004
OTC:0000508	owl:Class		cc-pVTZ-F12	OTC:0000004
OTC:0000509	owl:Class		cc-pVTZ-F12(rev2)	OTC:0000004
OTC:0000510	owl:Class		cc-pVTZ-F12-OPTRI	OTC:0000004
OTC:0000511	owl:Class		cc-pVTZ-F12-OPTRI+	OTC:0000004
OTC:0000512	owl:Class		cc-pVTZ-JKFIT	OTC:0000004
OTC:0000513	owl:Class		cc-pVTZ-PP	OTC:0000004
OTC:0000514	owl:Class		cc-pVTZ-PP-RIFIT	OTC:0000004
OTC:0000515	owl:Class		cc-pVTZ-RIFIT	OTC:0000004
OTC:0000516	owl:Class		cc-pVTZ-RIFIT	OTC:0000004
OTC:0000517	owl:Class		cc-pVTZ-X2C	OTC:0000004
OTC:0000518	owl:Class		cc-pwCV5Z	OTC:0000004
OTC:0000519	owl:Class		cc-pwCV5Z-DK	OTC:0000004
OTC:0000520	owl:Class		cc-pwCV5Z-PP	OTC:0000004
OTC:0000521	owl:Class		cc-pwCV5Z-PP-RIFIT	OTC:0000004
OTC:0000522	owl:Class		cc-pwCV5Z-RIFIT	OTC:0000004
OTC:0000523	owl:Class		cc-pwCV5Z-RIFIT	OTC:0000004
OTC:0000524	owl:Class		cc-pwCVDZ	OTC:0000004
OTC:0000525	owl:Class		cc-pwCVDZ-DK3	OTC:0000004
OTC:0000526	owl:Class		cc-pwCVDZ-DK3	OTC:0000004
OTC:0000527	owl:Class		cc-pwCVDZ-PP	OTC:0000004
OTC:0000528	owl:Class		cc-pwCVDZ-PP-RIFIT	OTC:0000004
OTC:0000529	owl:Class		cc-pwCVDZ-RIFIT	OTC:0000004
OTC:0000530	owl:Class		cc-pwCVDZ-RIFIT	OTC:0000004
OTC:0000531	owl:Class		cc-pwCVDZ-X2C	OTC:0000004
OTC:0000532	owl:Class		cc-pwCVQZ	OTC:0000004
OTC:0000533	owl:Class		cc-pwCVQZ-DK	OTC:0000004
OTC:0000534	owl:Class		cc-pwCVQZ-DK3	OTC:0000004
OTC:0000535	owl:Class		cc-pwCVQZ-DK3	OTC:0000004
OTC:0000536	owl:Class		cc-pwCVQZ-DK3	OTC:0000004
OTC:0000537	owl:Class		cc-pwCVQZ-PP	OTC:0000004
OTC:0000538	owl:Class		cc-pwCVQZ-PP-RIFIT	OTC:0000004
OTC:0000539	owl:Class		cc-pwCVQZ-RIFIT	OTC:0000004
OTC:0000540	owl:Class		cc-pwCVQZ-RIFIT	OTC:0000004
OTC:0000541	owl:Class		cc-pwCVQZ-X2C	OTC:0000004
OTC:0000542	owl:Class		cc-pwCVTZ	OTC:0000004
OTC:0000543	owl:Class		cc-pwCVTZ-DK	OTC:0000004
OTC:0000544	owl:Class		cc-pwCVTZ-DK3	OTC:0000004
OTC:0000545	owl:Class		cc-pwCVTZ-DK3	OTC:0000004
OTC:0000546	owl:Class		cc-pwCVTZ-PP	OTC:0000004
OTC:0000547	owl:Class		cc-pwCVTZ-PP-RIFIT	OTC:0000004
OTC:0000548	owl:Class		cc-pwCVTZ-RIFIT	OTC:0000004
OTC:0000549	owl:Class		cc-pwCVTZ-RIFIT	OTC:0000004
OTC:0000550	owl:Class		cc-pwCVTZ-X2C	OTC:0000004
OTC:0000551	owl:Class		ccemd-2	OTC:0000004
OTC:0000552	owl:Class		ccemd-3	OTC:0000004
OTC:0000553	owl:Class		ccJ-pV5Z	OTC:0000004
OTC:0000554	owl:Class		ccJ-pVDZ	OTC:0000004
OTC:0000555	owl:Class		ccJ-pVQZ	OTC:0000004
OTC:0000556	owl:Class		ccJ-pVTZ	OTC:0000004
OTC:0000557	owl:Class		ccX-5Z	OTC:0000004
OTC:0000558	owl:Class		ccX-DZ	OTC:0000004
OTC:0000559	owl:Class		ccX-QZ	OTC:0000004
OTC:0000560	owl:Class		ccX-TZ	OTC:0000004
OTC:0000561	owl:Class		coemd-2	OTC:0000004
OTC:0000562	owl:Class		coemd-3	OTC:0000004
OTC:0000563	owl:Class		coemd-4	OTC:0000004
OTC:0000564	owl:Class		coemd-ref	OTC:0000004
OTC:0000565	owl:Class		Cologne DKH2	OTC:0000004
OTC:0000566	owl:Class		CRENBL	OTC:0000004
OTC:0000567	owl:Class		CRENBL ECP	OTC:0000004
OTC:0000568	owl:Class		CRENBS	OTC:0000004
OTC:0000569	owl:Class		CRENBS ECP	OTC:0000004
OTC:0000570	owl:Class		d-aug-cc-pV5Z	OTC:0000004
OTC:0000571	owl:Class		d-aug-cc-pV6Z	OTC:0000004
OTC:0000572	owl:Class		d-aug-cc-pVDZ	OTC:0000004
OTC:0000573	owl:Class		d-aug-cc-pVQZ	OTC:0000004
OTC:0000574	owl:Class		d-aug-cc-pVTZ	OTC:0000004
OTC:0000575	owl:Class		def2-ECP	OTC:0000004
OTC:0000576	owl:Class		def2-ECP	OTC:0000004
OTC:0000577	owl:Class		def2-mTZVP	OTC:0000004
OTC:0000578	owl:Class		def2-mTZVPP	OTC:0000004
OTC:0000579	owl:Class		def2-mTZVPP-RIJ	OTC:0000004
OTC:0000580	owl:Class		def2-QZVP	OTC:0000004
OTC:0000581	owl:Class		def2-QZVP	OTC:0000004
OTC:0000582	owl:Class		def2-QZVP-RIFIT	OTC:0000004
OTC:0000583	owl:Class		def2-QZVPD	OTC:0000004
OTC:0000584	owl:Class		def2-QZVPD	OTC:0000004
OTC:0000585	owl:Class		def2-QZVPP	OTC:0000004
OTC:0000586	owl:Class		def2-QZVPP	OTC:0000004
OTC:0000587	owl:Class		def2-QZVPP-RIFIT	OTC:0000004
OTC:0000588	owl:Class		def2-QZVPPD	OTC:0000004
OTC:0000589	owl:Class		def2-QZVPPD	OTC:0000004
OTC:0000590	owl:Class		def2-QZVPPD-RIFIT	OTC:0000004
OTC:0000591	owl:Class		def2-SV(P)	OTC:0000004
OTC:0000592	owl:Class		def2-SV(P)	OTC:0000004
OTC:0000593	owl:Class		def2-SV(P)-JKFIT	OTC:0000004
OTC:0000594	owl:Class		def2-SV(P)-RIFIT	OTC:0000004
OTC:0000595	owl:Class		def2-SVP	OTC:0000004
OTC:0000596	owl:Class		def2-SVP	OTC:0000004
OTC:0000597	owl:Class		def2-SVP-RIFIT	OTC:0000004
OTC:0000598	owl:Class		def2-SVPD	OTC:0000004
OTC:0000599	owl:Class		def2-SVPD	OTC:0000004
OTC:0000600	owl:Class		def2-SVPD-RIFIT	OTC:0000004
OTC:0000601	owl:Class		def2-TZVP	OTC:0000004
OTC:0000602	owl:Class		def2-TZVP	OTC:0000004
OTC:0000603	owl:Class		def2-TZVP-RIFIT	OTC:0000004
OTC:0000604	owl:Class		def2-TZVPD	OTC:0000004
OTC:0000605	owl:Class		def2-TZVPD	OTC:0000004
OTC:0000606	owl:Class		def2-TZVPD-RIFIT	OTC:0000004
OTC:0000607	owl:Class		def2-TZVPP	OTC:0000004
OTC:0000608	owl:Class		def2-TZVPP	OTC:0000004
OTC:0000609	owl:Class		def2-TZVPP-RIFIT	OTC:0000004
OTC:0000610	owl:Class		def2-TZVPPD	OTC:0000004
OTC:0000611	owl:Class		def2-TZVPPD	OTC:0000004
OTC:0000612	owl:Class		def2-TZVPPD-RIFIT	OTC:0000004
OTC:0000613	owl:Class		def2-universal-JFIT	OTC:0000004
OTC:0000614	owl:Class		def2-universal-JKFIT	OTC:0000004
OTC:0000615	owl:Class		deMon2k-DZVP-GGA	OTC:0000004
OTC:0000616	owl:Class		DFO+-NRLMOL	OTC:0000004
OTC:0000617	owl:Class		DFO-1	OTC:0000004
OTC:0000618	owl:Class		DFO-1-BHS	OTC:0000004
OTC:0000619	owl:Class		DFO-2	OTC:0000004
OTC:0000620	owl:Class		DFO-NRLMOL	OTC:0000004
OTC:0000621	owl:Class		dgauss-a1-dftjfit	OTC:0000004
OTC:0000622	owl:Class		dgauss-a1-dftxfit	OTC:0000004
OTC:0000623	owl:Class		dgauss-a2-dftjfit	OTC:0000004
OTC:0000624	owl:Class		dgauss-a2-dftxfit	OTC:0000004
OTC:0000625	owl:Class		dgauss-dzvp	OTC:0000004
OTC:0000626	owl:Class		dgauss-dzvp2	OTC:0000004
OTC:0000627	owl:Class		dgauss-tzvp	OTC:0000004
OTC:0000628	owl:Class		dhf-ECP	OTC:0000004
OTC:0000629	owl:Class		dhf-QZVP	OTC:0000004
OTC:0000630	owl:Class		dhf-QZVPP	OTC:0000004
OTC:0000631	owl:Class		dhf-SV(P)	OTC:0000004
OTC:0000632	owl:Class		dhf-SVP	OTC:0000004
OTC:0000633	owl:Class		dhf-TZVP	OTC:0000004
OTC:0000634	owl:Class		dhf-TZVPP	OTC:0000004
OTC:0000635	owl:Class		dyall-aae2z	OTC:0000004
OTC:0000636	owl:Class		dyall-aae3z	OTC:0000004
OTC:0000637	owl:Class		dyall-aae4z	OTC:0000004
OTC:0000638	owl:Class		dyall-aae5z	OTC:0000004
OTC:0000639	owl:Class		dyall-acv2z	OTC:0000004
OTC:0000640	owl:Class		dyall-acv3z	OTC:0000004
OTC:0000641	owl:Class		dyall-acv4z	OTC:0000004
OTC:0000642	owl:Class		dyall-acv5z	OTC:0000004
OTC:0000643	owl:Class		dyall-ae2z	OTC:0000004
OTC:0000644	owl:Class		dyall-ae3z	OTC:0000004
OTC:0000645	owl:Class		dyall-ae4z	OTC:0000004
OTC:0000646	owl:Class		dyall-ae5z	OTC:0000004
OTC:0000647	owl:Class		dyall-av2z	OTC:0000004
OTC:0000648	owl:Class		dyall-av3z	OTC:0000004
OTC:0000649	owl:Class		dyall-av4z	OTC:0000004
OTC:0000650	owl:Class		dyall-av5z	OTC:0000004
OTC:0000651	owl:Class		dyall-cv2z	OTC:0000004
OTC:0000652	owl:Class		dyall-cv3z	OTC:0000004
OTC:0000653	owl:Class		dyall-cv4z	OTC:0000004
OTC:0000654	owl:Class		dyall-cv5z	OTC:0000004
OTC:0000655	owl:Class		dyall-v2z	OTC:0000004
OTC:0000656	owl:Class		dyall-v3z	OTC:0000004
OTC:0000657	owl:Class		dyall-v4z	OTC:0000004
OTC:0000658	owl:Class		dyall-v5z	OTC:0000004
OTC:0000659	owl:Class		DZ (Dunning-Hay)	OTC:0000004
OTC:0000660	owl:Class		DZ + Double Rydberg (Dunning-Hay)	OTC:0000004
OTC:0000661	owl:Class		DZ + Rydberg (Dunning-Hay)	OTC:0000004
OTC:0000662	owl:Class		DZP (Dunning-Hay)	OTC:0000004
OTC:0000663	owl:Class		DZP + Diffuse (Dunning-Hay)	OTC:0000004
OTC:0000664	owl:Class		DZP + Rydberg (Dunning-Hay)	OTC:0000004
OTC:0000665	owl:Class		epc-10s10p10d10f	OTC:0000004
OTC:0000666	owl:Class		epc-8s8p8d	OTC:0000004
OTC:0000667	owl:Class		FANO-5Z	OTC:0000004
OTC:0000668	owl:Class		FANO-6Z	OTC:0000004
OTC:0000669	owl:Class		FANO-DZ	OTC:0000004
OTC:0000670	owl:Class		FANO-QZ	OTC:0000004
OTC:0000671	owl:Class		FANO-TZ	OTC:0000004
OTC:0000672	owl:Class		Grimme vDZP	OTC:0000004
OTC:0000673	owl:Class		HGBS-5	OTC:0000004
OTC:0000674	owl:Class		HGBS-7	OTC:0000004
OTC:0000675	owl:Class		HGBS-9	OTC:0000004
OTC:0000676	owl:Class		HGBSP1-5	OTC:0000004
OTC:0000677	owl:Class		HGBSP1-7	OTC:0000004
OTC:0000678	owl:Class		HGBSP1-9	OTC:0000004
OTC:0000679	owl:Class		HGBSP2-5	OTC:0000004
OTC:0000680	owl:Class		HGBSP2-7	OTC:0000004
OTC:0000681	owl:Class		HGBSP2-9	OTC:0000004
OTC:0000682	owl:Class		HGBSP3-5	OTC:0000004
OTC:0000683	owl:Class		HGBSP3-7	OTC:0000004
OTC:0000684	owl:Class		HGBSP3-9	OTC:0000004
OTC:0000685	owl:Class		IGLO-II	OTC:0000004
OTC:0000686	owl:Class		IGLO-III	OTC:0000004
OTC:0000687	owl:Class		jgauss-dzp	OTC:0000004
OTC:0000688	owl:Class		jgauss-qz2p	OTC:0000004
OTC:0000689	owl:Class		jgauss-qzp	OTC:0000004
OTC:0000690	owl:Class		jgauss-tzp1	OTC:0000004
OTC:0000691	owl:Class		jgauss-tzp2	OTC:0000004
OTC:0000692	owl:Class		jorge-5ZP	OTC:0000004
OTC:0000693	owl:Class		jorge-5ZP	OTC:0000004
OTC:0000694	owl:Class		jorge-5ZP-DKH	OTC:0000004
OTC:0000695	owl:Class		jorge-5ZP-DKH	OTC:0000004
OTC:0000696	owl:Class		jorge-5ZP-ZORA	OTC:0000004
OTC:0000697	owl:Class		jorge-6ZP	OTC:0000004
OTC:0000698	owl:Class		jorge-6ZP	OTC:0000004
OTC:0000699	owl:Class		jorge-6ZP-DKH	OTC:0000004
OTC:0000700	owl:Class		jorge-6ZP-DKH	OTC:0000004
OTC:0000701	owl:Class		jorge-6ZP-ZORA	OTC:0000004
OTC:0000702	owl:Class		jorge-A5ZP	OTC:0000004
OTC:0000703	owl:Class		jorge-A5ZP	OTC:0000004
OTC:0000704	owl:Class		jorge-A6ZP	OTC:0000004
OTC:0000705	owl:Class		jorge-ADZP	OTC:0000004
OTC:0000706	owl:Class		jorge-ADZP	OTC:0000004
OTC:0000707	owl:Class		jorge-AQZP	OTC:0000004
OTC:0000708	owl:Class		jorge-AQZP	OTC:0000004
OTC:0000709	owl:Class		jorge-ATZP	OTC:0000004
OTC:0000710	owl:Class		jorge-ATZP	OTC:0000004
OTC:0000711	owl:Class		jorge-ATZP-ZORA	OTC:0000004
OTC:0000712	owl:Class		jorge-DZP	OTC:0000004
OTC:0000713	owl:Class		jorge-DZP	OTC:0000004
OTC:0000714	owl:Class		jorge-DZP-DKH	OTC:0000004
OTC:0000715	owl:Class		jorge-DZP-DKH	OTC:0000004
OTC:0000716	owl:Class		jorge-DZP-ZORA	OTC:0000004
OTC:0000717	owl:Class		jorge-QZP	OTC:0000004
OTC:0000718	owl:Class		jorge-QZP	OTC:0000004
OTC:0000719	owl:Class		jorge-QZP-DKH	OTC:0000004
OTC:0000720	owl:Class		jorge-QZP-DKH	OTC:0000004
OTC:0000721	owl:Class		jorge-QZP-ZORA	OTC:0000004
OTC:0000722	owl:Class		jorge-TZP	OTC:0000004
OTC:0000723	owl:Class		jorge-TZP	OTC:0000004
OTC:0000724	owl:Class		jorge-TZP-DKH	OTC:0000004
OTC:0000725	owl:Class		jorge-TZP-DKH	OTC:0000004
OTC:0000726	owl:Class		jorge-TZP-ZORA	OTC:0000004
OTC:0000727	owl:Class		jul-cc-pV(D+d)Z	OTC:0000004
OTC:0000728	owl:Class		jul-cc-pV(Q+d)Z	OTC:0000004
OTC:0000729	owl:Class		jul-cc-pV(T+d)Z	OTC:0000004
OTC:0000730	owl:Class		jun-cc-pV(D+d)Z	OTC:0000004
OTC:0000731	owl:Class		jun-cc-pV(Q+d)Z	OTC:0000004
OTC:0000732	owl:Class		jun-cc-pV(T+d)Z	OTC:0000004
OTC:0000733	owl:Class		Koga unpolarized	OTC:0000004
OTC:0000734	owl:Class		LANL08	OTC:0000004
OTC:0000735	owl:Class		LANL08(d)	OTC:0000004
OTC:0000736	owl:Class		LANL08(f)	OTC:0000004
OTC:0000737	owl:Class		LANL08+	OTC:0000004
OTC:0000738	owl:Class		LANL2DZ	OTC:0000004
OTC:0000739	owl:Class		LANL2DZ ECP	OTC:0000004
OTC:0000740	owl:Class		LANL2DZdp	OTC:0000004
OTC:0000741	owl:Class		LANL2TZ	OTC:0000004
OTC:0000742	owl:Class		LANL2TZ(f)	OTC:0000004
OTC:0000743	owl:Class		LANL2TZ+	OTC:0000004
OTC:0000744	owl:Class		lcecp-0-QZVP	OTC:0000004
OTC:0000745	owl:Class		lcecp-0-QZVPP	OTC:0000004
OTC:0000746	owl:Class		lcecp-0-SV(P)	OTC:0000004
OTC:0000747	owl:Class		lcecp-0-SVP	OTC:0000004
OTC:0000748	owl:Class		lcecp-0-TZVP	OTC:0000004
OTC:0000749	owl:Class		lcecp-0-TZVPP	OTC:0000004
OTC:0000750	owl:Class		lcecp-1-QZVP	OTC:0000004
OTC:0000751	owl:Class		lcecp-1-QZVPP	OTC:0000004
OTC:0000752	owl:Class		lcecp-1-SV(P)	OTC:0000004
OTC:0000753	owl:Class		lcecp-1-SVP	OTC:0000004
OTC:0000754	owl:Class		lcecp-1-TZVP	OTC:0000004
OTC:0000755	owl:Class		lcecp-1-TZVPP	OTC:0000004
OTC:0000756	owl:Class		lcecp-2-QZVP	OTC:0000004
OTC:0000757	owl:Class		lcecp-2-QZVPP	OTC:0000004
OTC:0000758	owl:Class		lcecp-2-SV(P)	OTC:0000004
OTC:0000759	owl:Class		lcecp-2-SVP	OTC:0000004
OTC:0000760	owl:Class		lcecp-2-TZVP	OTC:0000004
OTC:0000761	owl:Class		lcecp-2-TZVPP	OTC:0000004
OTC:0000762	owl:Class		m6-31G	OTC:0000004
OTC:0000763	owl:Class		m6-31G*	OTC:0000004
OTC:0000764	owl:Class		maug-cc-pV(D+d)Z	OTC:0000004
OTC:0000765	owl:Class		maug-cc-pV(Q+d)Z	OTC:0000004
OTC:0000766	owl:Class		maug-cc-pV(T+d)Z	OTC:0000004
OTC:0000767	owl:Class		may-cc-pV(Q+d)Z	OTC:0000004
OTC:0000768	owl:Class		may-cc-pV(T+d)Z	OTC:0000004
OTC:0000769	owl:Class		MIDI	OTC:0000004
OTC:0000770	owl:Class		MIDI!	OTC:0000004
OTC:0000771	owl:Class		MIDI!	OTC:0000004
OTC:0000772	owl:Class		MIDIX	OTC:0000004
OTC:0000773	owl:Class		MIDIX	OTC:0000004
OTC:0000774	owl:Class		MINI	OTC:0000004
OTC:0000775	owl:Class		modified-LANL2DZ	OTC:0000004
OTC:0000776	owl:Class		NASA Ames ANO	OTC:0000004
OTC:0000777	owl:Class		NASA Ames ANO2	OTC:0000004
OTC:0000778	owl:Class		NASA Ames cc-pCV5Z	OTC:0000004
OTC:0000779	owl:Class		NASA Ames cc-pCVQZ	OTC:0000004
OTC:0000780	owl:Class		NASA Ames cc-pCVTZ	OTC:0000004
OTC:0000781	owl:Class		NASA Ames cc-pV5Z	OTC:0000004
OTC:0000782	owl:Class		NASA Ames cc-pVQZ	OTC:0000004
OTC:0000783	owl:Class		NASA Ames cc-pVTZ	OTC:0000004
OTC:0000784	owl:Class		NLO-V	OTC:0000004
OTC:0000785	owl:Class		NMR-DKH (TZ2P)	OTC:0000004
OTC:0000786	owl:Class		ORP	OTC:0000004
OTC:0000787	owl:Class		Partridge Uncontracted 1	OTC:0000004
OTC:0000788	owl:Class		Partridge Uncontracted 2	OTC:0000004
OTC:0000789	owl:Class		Partridge Uncontracted 3	OTC:0000004
OTC:0000790	owl:Class		Partridge Uncontracted 4	OTC:0000004
OTC:0000791	owl:Class		PAW-L05	OTC:0000004
OTC:0000792	owl:Class		PAW-L1	OTC:0000004
OTC:0000793	owl:Class		PAW-L1-contracted	OTC:0000004
OTC:0000794	owl:Class		PAW-L2	OTC:0000004
OTC:0000795	owl:Class		PAW-L2-contracted	OTC:0000004
OTC:0000796	owl:Class		PB4-D	OTC:0000004
OTC:0000797	owl:Class		PB4-F1	OTC:0000004
OTC:0000798	owl:Class		PB4-F2	OTC:0000004
OTC:0000799	owl:Class		PB5-D	OTC:0000004
OTC:0000800	owl:Class		PB5-F	OTC:0000004
OTC:0000801	owl:Class		PB5-G	OTC:0000004
OTC:0000802	owl:Class		PB6-D	OTC:0000004
OTC:0000803	owl:Class		PB6-F	OTC:0000004
OTC:0000804	owl:Class		PB6-G	OTC:0000004
OTC:0000805	owl:Class		PB6-H	OTC:0000004
OTC:0000806	owl:Class		pc-0	OTC:0000004
OTC:0000807	owl:Class		pc-1	OTC:0000004
OTC:0000808	owl:Class		pc-2	OTC:0000004
OTC:0000809	owl:Class		pc-3	OTC:0000004
OTC:0000810	owl:Class		pc-4	OTC:0000004
OTC:0000811	owl:Class		pcemd-2	OTC:0000004
OTC:0000812	owl:Class		pcemd-3	OTC:0000004
OTC:0000813	owl:Class		pcemd-4	OTC:0000004
OTC:0000814	owl:Class		pcH-1	OTC:0000004
OTC:0000815	owl:Class		pcH-2	OTC:0000004
OTC:0000816	owl:Class		pcH-3	OTC:0000004
OTC:0000817	owl:Class		pcH-4	OTC:0000004
OTC:0000818	owl:Class		pcJ-0	OTC:0000004
OTC:0000819	owl:Class		pcJ-0	OTC:0000004
OTC:0000820	owl:Class		pcJ-0_2006	OTC:0000004
OTC:0000821	owl:Class		pcJ-1	OTC:0000004
OTC:0000822	owl:Class		pcJ-1	OTC:0000004
OTC:0000823	owl:Class		pcJ-1_2006	OTC:0000004
OTC:0000824	owl:Class		pcJ-2	OTC:0000004
OTC:0000825	owl:Class		pcJ-2	OTC:0000004
OTC:0000826	owl:Class		pcJ-2_2006	OTC:0000004
OTC:0000827	owl:Class		pcJ-3	OTC:0000004
OTC:0000828	owl:Class		pcJ-3	OTC:0000004
OTC:0000829	owl:Class		pcJ-3_2006	OTC:0000004
OTC:0000830	owl:Class		pcJ-4	OTC:0000004
OTC:0000831	owl:Class		pcJ-4	OTC:0000004
OTC:0000832	owl:Class		pcJ-4_2006	OTC:0000004
OTC:0000833	owl:Class		pcS-0	OTC:0000004
OTC:0000834	owl:Class		pcS-1	OTC:0000004
OTC:0000835	owl:Class		pcS-2	OTC:0000004
OTC:0000836	owl:Class		pcS-3	OTC:0000004
OTC:0000837	owl:Class		pcS-4	OTC:0000004
OTC:0000838	owl:Class		pcseg-0	OTC:0000004
OTC:0000839	owl:Class		pcseg-0	OTC:0000004
OTC:0000840	owl:Class		pcseg-1	OTC:0000004
OTC:0000841	owl:Class		pcseg-1	OTC:0000004
OTC:0000842	owl:Class		pcseg-2	OTC:0000004
OTC:0000843	owl:Class		pcseg-2	OTC:0000004
OTC:0000844	owl:Class		pcseg-3	OTC:0000004
OTC:0000845	owl:Class		pcseg-3	OTC:0000004
OTC:0000846	owl:Class		pcseg-4	OTC:0000004
OTC:0000847	owl:Class		pcseg-4	OTC:0000004
OTC:0000848	owl:Class		pcSseg-0	OTC:0000004
OTC:0000849	owl:Class		pcSseg-0	OTC:0000004
OTC:0000850	owl:Class		pcSseg-1	OTC:0000004
OTC:0000851	owl:Class		pcSseg-1	OTC:0000004
OTC:0000852	owl:Class		pcSseg-2	OTC:0000004
OTC:0000853	owl:Class		pcSseg-2	OTC:0000004
OTC:0000854	owl:Class		pcSseg-3	OTC:0000004
OTC:0000855	owl:Class		pcSseg-3	OTC:0000004
OTC:0000856	owl:Class		pcSseg-4	OTC:0000004
OTC:0000857	owl:Class		pcSseg-4	OTC:0000004
OTC:0000858	owl:Class		pcX-1	OTC:0000004
OTC:0000859	owl:Class		pcX-2	OTC:0000004
OTC:0000860	owl:Class		pcX-3	OTC:0000004
OTC:0000861	owl:Class		pcX-4	OTC:0000004
OTC:0000862	owl:Class		pecJ-1	OTC:0000004
OTC:0000863	owl:Class		pecJ-2	OTC:0000004
OTC:0000864	owl:Class		pob-DZVP-rev2	OTC:0000004
OTC:0000865	owl:Class		pob-TZVP	OTC:0000004
OTC:0000866	owl:Class		pob-TZVP	OTC:0000004
OTC:0000867	owl:Class		pob-TZVP-rev2	OTC:0000004
OTC:0000868	owl:Class		pSBKJC	OTC:0000004
OTC:0000869	owl:Class		PsX-DZ	OTC:0000004
OTC:0000870	owl:Class		PsX-QZ	OTC:0000004
OTC:0000871	owl:Class		PsX-TZ	OTC:0000004
OTC:0000872	owl:Class		Pt - mDZP	OTC:0000004
OTC:0000873	owl:Class		pV6Z	OTC:0000004
OTC:0000874	owl:Class		pV7Z	OTC:0000004
OTC:0000875	owl:Class		Roos Augmented Double Zeta ANO	OTC:0000004
OTC:0000876	owl:Class		Roos Augmented Triple Zeta ANO	OTC:0000004
OTC:0000877	owl:Class		s3-21G	OTC:0000004
OTC:0000878	owl:Class		s3-21G*	OTC:0000004
OTC:0000879	owl:Class		s6-31G	OTC:0000004
OTC:0000880	owl:Class		s6-31G*	OTC:0000004
OTC:0000881	owl:Class		Sadlej pVTZ	OTC:0000004
OTC:0000882	owl:Class		Sadlej pVTZ	OTC:0000004
OTC:0000883	owl:Class		Sadlej+	OTC:0000004
OTC:0000884	owl:Class		Sadlej+	OTC:0000004
OTC:0000885	owl:Class		sap_grasp_large	OTC:0000004
OTC:0000886	owl:Class		sap_grasp_small	OTC:0000004
OTC:0000887	owl:Class		sap_helfem_large	OTC:0000004
OTC:0000888	owl:Class		sap_helfem_small	OTC:0000004
OTC:0000889	owl:Class		Sapporo-DKH3-DZP	OTC:0000004
OTC:0000890	owl:Class		Sapporo-DKH3-DZP-2012	OTC:0000004
OTC:0000891	owl:Class		Sapporo-DKH3-DZP-2012-diffuse	OTC:0000004
OTC:0000892	owl:Class		Sapporo-DKH3-DZP-diffuse	OTC:0000004
OTC:0000893	owl:Class		Sapporo-DKH3-QZP	OTC:0000004
OTC:0000894	owl:Class		Sapporo-DKH3-QZP-2012	OTC:0000004
OTC:0000895	owl:Class		Sapporo-DKH3-QZP-2012-diffuse	OTC:0000004
OTC:0000896	owl:Class		Sapporo-DKH3-QZP-diffuse	OTC:0000004
OTC:0000897	owl:Class		Sapporo-DKH3-TZP	OTC:0000004
OTC:0000898	owl:Class		Sapporo-DKH3-TZP-2012	OTC:0000004
OTC:0000899	owl:Class		Sapporo-DKH3-TZP-2012-diffuse	OTC:0000004
OTC:0000900	owl:Class		Sapporo-DKH3-TZP-diffuse	OTC:0000004
OTC:0000901	owl:Class		Sapporo-DZP	OTC:0000004
OTC:0000902	owl:Class		Sapporo-DZP-2012	OTC:0000004
OTC:0000903	owl:Class		Sapporo-DZP-2012-diffuse	OTC:0000004
OTC:0000904	owl:Class		Sapporo-DZP-diffuse	OTC:0000004
OTC:0000905	owl:Class		Sapporo-QZP	OTC:0000004
OTC:0000906	owl:Class		Sapporo-QZP-2012	OTC:0000004
OTC:0000907	owl:Class		Sapporo-QZP-2012-diffuse	OTC:0000004
OTC:0000908	owl:Class		Sapporo-QZP-diffuse	OTC:0000004
OTC:0000909	owl:Class		Sapporo-TZP	OTC:0000004
OTC:0000910	owl:Class		Sapporo-TZP-2012	OTC:0000004
OTC:0000911	owl:Class		Sapporo-TZP-2012-diffuse	OTC:0000004
OTC:0000912	owl:Class		Sapporo-TZP-diffuse	OTC:0000004
OTC:0000913	owl:Class		SARC-DKH2	OTC:0000004
OTC:0000914	owl:Class		SARC-ZORA	OTC:0000004
OTC:0000915	owl:Class		SARC2-QZV-DKH2	OTC:0000004
OTC:0000916	owl:Class		SARC2-QZV-DKH2-JKFIT	OTC:0000004
OTC:0000917	owl:Class		SARC2-QZV-ZORA	OTC:0000004
OTC:0000918	owl:Class		SARC2-QZV-ZORA-JKFIT	OTC:0000004
OTC:0000919	owl:Class		SARC2-QZVP-DKH2	OTC:0000004
OTC:0000920	owl:Class		SARC2-QZVP-DKH2-JKFIT	OTC:0000004
OTC:0000921	owl:Class		SARC2-QZVP-ZORA	OTC:0000004
OTC:0000922	owl:Class		SARC2-QZVP-ZORA-JKFIT	OTC:0000004
OTC:0000923	owl:Class		saug-ano-pV5Z	OTC:0000004
OTC:0000924	owl:Class		saug-ano-pVDZ	OTC:0000004
OTC:0000925	owl:Class		saug-ano-pVQZ	OTC:0000004
OTC:0000926	owl:Class		saug-ano-pVTZ	OTC:0000004
OTC:0000927	owl:Class		SBKJC Polarized (p,2d) - LFK	OTC:0000004
OTC:0000928	owl:Class		SBKJC-ECP	OTC:0000004
OTC:0000929	owl:Class		SBKJC-VDZ	OTC:0000004
OTC:0000930	owl:Class		SBO4-DZ(d)-3G	OTC:0000004
OTC:0000931	owl:Class		SBO4-DZ(d,p)-3G	OTC:0000004
OTC:0000932	owl:Class		SBO4-SZ-3G	OTC:0000004
OTC:0000933	owl:Class		Scaled MINI	OTC:0000004
OTC:0000934	owl:Class		seg-cc-pV5Z-PP	OTC:0000004
OTC:0000935	owl:Class		seg-cc-pVDZ-PP	OTC:0000004
OTC:0000936	owl:Class		seg-cc-pVQZ-PP	OTC:0000004
OTC:0000937	owl:Class		seg-cc-pVTZ-PP	OTC:0000004
OTC:0000938	owl:Class		seg-cc-pwCV5Z-PP	OTC:0000004
OTC:0000939	owl:Class		seg-cc-pwCVDZ-PP	OTC:0000004
OTC:0000940	owl:Class		seg-cc-pwCVQZ-PP	OTC:0000004
OTC:0000941	owl:Class		seg-cc-pwCVTZ-PP	OTC:0000004
OTC:0000942	owl:Class		sigmaDZ	OTC:0000004
OTC:0000943	owl:Class		sigmaDZ	OTC:0000004
OTC:0000944	owl:Class		sigmaDZHF	OTC:0000004
OTC:0000945	owl:Class		sigmaQZ	OTC:0000004
OTC:0000946	owl:Class		sigmaQZ	OTC:0000004
OTC:0000947	owl:Class		sigmaSZHF	OTC:0000004
OTC:0000948	owl:Class		sigmaTZ	OTC:0000004
OTC:0000949	owl:Class		sigmaTZ	OTC:0000004
OTC:0000950	owl:Class		sigmaTZHF	OTC:0000004
OTC:0000951	owl:Class		STO-2G	OTC:0000004
OTC:0000952	owl:Class		STO-2G	OTC:0000004
OTC:0000953	owl:Class		STO-3G	OTC:0000004
OTC:0000954	owl:Class		STO-3G	OTC:0000004
OTC:0000955	owl:Class		STO-3G*	OTC:0000004
OTC:0000956	owl:Class		STO-3G*	OTC:0000004
OTC:0000957	owl:Class		STO-4G	OTC:0000004
OTC:0000958	owl:Class		STO-5G	OTC:0000004
OTC:0000959	owl:Class		STO-6G	OTC:0000004
OTC:0000960	owl:Class		STO-6G	OTC:0000004
OTC:0000961	owl:Class		Stuttgart RLC	OTC:0000004
OTC:0000962	owl:Class		Stuttgart RLC ECP	OTC:0000004
OTC:0000963	owl:Class		Stuttgart RSC 1997	OTC:0000004
OTC:0000964	owl:Class		Stuttgart RSC 1997 ECP	OTC:0000004
OTC:0000965	owl:Class		Stuttgart RSC ANO	OTC:0000004
OTC:0000966	owl:Class		Stuttgart RSC Segmented + ECP	OTC:0000004
OTC:0000967	owl:Class		SV (Dunning-Hay)	OTC:0000004
OTC:0000968	owl:Class		SV + Double Rydberg (Dunning-Hay)	OTC:0000004
OTC:0000969	owl:Class		SV + Rydberg (Dunning-Hay)	OTC:0000004
OTC:0000970	owl:Class		SVP (Dunning-Hay)	OTC:0000004
OTC:0000971	owl:Class		SVP + Diffuse (Dunning-Hay)	OTC:0000004
OTC:0000972	owl:Class		SVP + Diffuse + Rydberg (Dunning-Hay)	OTC:0000004
OTC:0000973	owl:Class		SVP + Rydberg (Dunning-Hay)	OTC:0000004
OTC:0000974	owl:Class		TZ (Dunning-Hay)	OTC:0000004
OTC:0000975	owl:Class		TZP-ZORA	OTC:0000004
OTC:0000976	owl:Class		UGBS	OTC:0000004
OTC:0000977	owl:Class		un-ccemd-ref	OTC:0000004
OTC:0000978	owl:Class		un-pcemd-ref	OTC:0000004
OTC:0000979	owl:Class		Wachters+f	OTC:0000004
OTC:0000980	owl:Class		WTBS	OTC:0000004
OTC:0000981	owl:Class		x2c-JFIT	OTC:0000004
OTC:0000982	owl:Class		x2c-JFIT	OTC:0000004
OTC:0000983	owl:Class		x2c-JFIT-universal	OTC:0000004
OTC:0000984	owl:Class		x2c-JFIT-universal	OTC:0000004
OTC:0000985	owl:Class		x2c-QZVPall	OTC:0000004
OTC:0000986	owl:Class		x2c-QZVPall-2c	OTC:0000004
OTC:0000987	owl:Class		x2c-QZVPall-2c-s	OTC:0000004
OTC:0000988	owl:Class		x2c-QZVPall-s	OTC:0000004
OTC:0000989	owl:Class		x2c-QZVPPall	OTC:0000004
OTC:0000990	owl:Class		x2c-QZVPPall-2c	OTC:0000004
OTC:0000991	owl:Class		x2c-QZVPPall-2c-s	OTC:0000004
OTC:0000992	owl:Class		x2c-QZVPPall-s	OTC:0000004
OTC:0000993	owl:Class		x2c-SV(P)all	OTC:0000004
OTC:0000994	owl:Class		x2c-SV(P)all-2c	OTC:0000004
OTC:0000995	owl:Class		x2c-SV(P)all-s	OTC:0000004
OTC:0000996	owl:Class		x2c-SVPall	OTC:0000004
OTC:0000997	owl:Class		x2c-SVPall-2c	OTC:0000004
OTC:0000998	owl:Class		x2c-SVPall-s	OTC:0000004
OTC:0000999	owl:Class		x2c-TZVPall	OTC:0000004
OTC:0001000	owl:Class		x2c-TZVPall-2c	OTC:0000004
OTC:0001001	owl:Class		x2c-TZVPall-s	OTC:0000004
OTC:0001002	owl:Class		x2c-TZVPPall	OTC:0000004
OTC:0001003	owl:Class		x2c-TZVPPall-2c	OTC:0000004
OTC:0001004	owl:Class		x2c-TZVPPall-s	OTC:0000004
